INSERT INTO office (id, office_type) VALUES
                                         (1, 'Кардиологический кабинет'),
                                         (2, 'Терапевтический кабинет'),
                                         (3, 'Хирургический кабинет'),
                                         (4, 'Педиатрический кабинет'),
                                         (5, 'Неврологический кабинет'),
                                         (6, 'Офтальмологический кабинет'),
                                         (7, 'Стоматологический кабинет'),
                                         (8, 'УЗИ кабинет'),
                                         (9, 'Лаборатория'),
                                         (10, 'Рентген кабинет');


INSERT INTO patient_card (id, symptoms, diagnosis, medicine) VALUES
                                                                 (1, 'Головная боль', 'Мигрень', 'Парацетамол'),
                                                                 (2, 'Боль в груди', 'Стенокардия', 'Нитроглицерин'),
                                                                 (3, 'Кашель', 'Острый бронхит', 'Амброксол'),
                                                                 (4, 'Боль в животе', 'Острый аппендицит', 'Обезболивающие'),
                                                                 (5, 'Лихорадка', 'Грипп', 'Аспирин'),
                                                                 (6, 'Тошнота', 'Пищевое отравление', 'Активированный уголь'),
                                                                 (7, 'Одышка', 'Пневмония', 'Антибиотики'),
                                                                 (8, 'Рвота', 'Гастрит', 'Ранитидин'),
                                                                 (9, 'Боль в суставах', 'Артрит', 'Ибупрофен'),
                                                                 (10, 'Отечность', 'Отек легких', 'Диуретики');
INSERT INTO doctor (name, work_hours_from, work_hours_for, office_id) VALUES
                                                                          ('Иванов Иван Иванович', '2024-12-25 08:00:00', '2024-12-25 16:00:00', 1),
                                                                          ('Петров Петр Петрович', '2024-12-25 09:00:00', '2024-12-25 17:00:00', 2),
                                                                          ('Сидорова Светлана Александровна', '2024-12-25 10:00:00', '2024-12-25 18:00:00', 3),
                                                                          ('Кузнецов Алексей Викторович', '2024-12-25 08:00:00', '2024-12-25 16:00:00', 4),
                                                                          ('Николаева Мария Павловна', '2024-12-25 08:30:00', '2024-12-25 16:30:00', 5),
                                                                          ('Смирнова Ольга Васильевна', '2024-12-25 09:00:00', '2024-12-25 17:00:00', 6),
                                                                          ('Попов Александр Сергеевич', '2024-12-25 09:30:00', '2024-12-25 17:30:00', 7),
                                                                          ('Дмитриева Елена Вячеславовна', '2024-12-25 08:00:00', '2024-12-25 16:00:00', 8),
                                                                          ('Михайлова Татьяна Сергеевна', '2024-12-25 08:30:00', '2024-12-25 16:30:00', 9),
                                                                          ('Романова Людмила Юрьевна', '2024-12-25 10:00:00', '2024-12-25 18:00:00', 10);


INSERT INTO patient (insurance_id, name, address, card_id) VALUES
                                                               (1001, 'Иванов Сергей Петрович', 'Москва, ул. Ленина, 10', 1),
                                                               (1002, 'Петрова Анастасия Викторовна', 'Санкт-Петербург, ул. Советская, 20', 2),
                                                               (1003, 'Сидоров Артем Михайлович', 'Казань, ул. Чистопольская, 15', 3),
                                                               (1004, 'Михайлова Валентина Сергеевна', 'Екатеринбург, ул. Октябрьская, 5', 4),
                                                               (1005, 'Смирнов Олег Борисович', 'Новосибирск, ул. Сибирская, 7', 5),
                                                               (1006, 'Дмитриева Ксения Анатольевна', 'Челябинск, ул. Уральская, 12', 6),
                                                               (1007, 'Кузнецов Василий Николаевич', 'Казань, ул. Габдуллы Тукая, 9', 7),
                                                               (1008, 'Попова Ирина Александровна', 'Нижний Новгород, ул. Пушкина, 3', 8),
                                                               (1009, 'Романова Людмила Георгиевна', 'Ростов-на-Дону, ул. Красная, 18', 9),
                                                               (1010, 'Николаев Даниил Валерьевич', 'Волгоград, ул. Дзержинского, 25', 10);

-- Вставка данных в таблицу reception
INSERT INTO reception (doctor_id, office_id, work_hours_from, work_hours_for, card_id, patient_id, insurance_id) VALUES
                                                                                                                     (1, 1, '2024-12-25 08:00:00', '2024-12-25 16:00:00', 1, 1, 1001),
                                                                                                                     (2, 2, '2024-12-25 09:00:00', '2024-12-25 17:00:00', 2, 2, 1002),
                                                                                                                     (3, 3, '2024-12-25 10:00:00', '2024-12-25 18:00:00', 3, 3, 1003),
                                                                                                                     (4, 4, '2024-12-25 08:00:00', '2024-12-25 16:00:00', 4, 4, 1004),
                                                                                                                     (5, 5, '2024-12-25 08:30:00', '2024-12-25 16:30:00', 5, 5, 1005),
                                                                                                                     (6, 6, '2024-12-25 09:00:00', '2024-12-25 17:00:00', 6, 6, 1006),
                                                                                                                     (7, 7, '2024-12-25 09:30:00', '2024-12-25 17:30:00', 7, 7, 1007),
                                                                                                                     (8, 8, '2024-12-25 08:00:00', '2024-12-25 16:00:00', 8, 8, 1008),
                                                                                                                     (9, 9, '2024-12-25 08:30:00', '2024-12-25 16:30:00', 9, 9, 1009),
                                                                                                                     (10, 10, '2024-12-25 10:00:00', '2024-12-25 18:00:00', 10, 10, 1010);



